{
  "norm_stats": {
    "state": {
      "mean": [
        0.15723687410354614,
        0.07958021759986877,
        -0.020469076931476593,
        -2.3055732250213623,
        0.038193024694919586,
        2.4235475063323975,
        0.8418774008750916,
        0.32848480343818665
      ],
      "std": [
        0.13974757492542267,
        0.4768737256526947,
        0.05435190349817276,
        0.2780786454677582,
        0.14122126996517181,
        0.3436938226222992,
        0.625895082950592,
        0.2959144711494446
      ],
      "q01": [
        -0.012228434516116977,
        -0.8131942338228225,
        -0.2218494185656309,
        -2.740568904876709,
        -0.24973107823729515,
        1.811510505771637,
        -0.6394638328909874,
        0.001531556210340932
      ],
      "q99": [
        0.5436001796368509,
        0.7469334712266922,
        0.11112852413654328,
        -1.7159252136230467,
        0.6410064822554589,
        2.9881873150348666,
        2.528597449219227,
        0.6474553512253799
      ]
    },
    "actions": {
      "mean": [
        0.004945227410644293,
        0.023755114525556564,
        -0.00006765758735127747,
        0.011519571766257286,
        0.0033074377570301294,
        0.016029218211770058,
        0.0019023792119696736,
        0.34066447615623474
      ],
      "std": [
        0.019216015934944153,
        0.09232873469591141,
        0.008143148384988308,
        0.04040640592575073,
        0.0156902763992548,
        0.0656859502196312,
        0.06904508918523788,
        0.29447710514068604
      ],
      "q01": [
        -0.053064829349517825,
        -0.2176348698616028,
        -0.02390127709507943,
        -0.10234865353107453,
        -0.02909359161257745,
        -0.1476754587173462,
        -0.22579003112316132,
        0.001531556210340932
      ],
      "q99": [
        0.07227654223144056,
        0.22311053414940835,
        0.029237577825784677,
        0.12992518453598023,
        0.07829687389731407,
        0.1925587303161621,
        0.2083950321674347,
        0.6474553512253799
      ]
    }
  }
}